日期,股票代码,股票简称,基础代码,开盘价:不复权今日,收盘价:不复权今日,个股热度排名昨日,竞价涨幅今日,量比,换手率昨日,大单动向(ddx值)昨日,实体涨跌幅昨日,实体涨跌幅前日,成交量昨日,成交量前日,连续涨停天数昨日,市场20日新高数,市场20日新低数,市场20日高低差,市场60日新高数,市场60日新低数,市场60日高低差
2025-09-10,600050.SH,中国联通,600050,5.55,5.76,87,1.463,0.7556357395458198,2.800673,-28722.614,-2.546,5.124,861678410.0,1140335700.0,0,392,319,73,310,58,252
2025-09-11,688256.SH,寒武纪,688256,1295.0,1387.0,34,1.728,1.3379350220126096,3.312663,-82.63,0.394,4.073,13858537.0,10358154.0,0,504,52,452,428,16,412
2025-09-12,600376.SH,首开股份,600376,5.0,5.51,7,-0.2,2.232676255393373,17.201806,5979.365,5.252,6.849,443731809.0,198744358.0,0,456,158,298,377,60,317
2025-09-15,300450.SZ,先导智能,300450,55.79,55.59,10,1.807,1.0956345451131124,16.769024,-8568.462,-5.939,4.392,261498581.0,238673180.0,0,487,343,144,399,126,273
2025-09-15,300274.SZ,阳光电源,300274,138.0,136.67,27,3.047,0.8387484641904642,7.105083,-2507.051,-1.518,8.608,112950176.0,134665136.0,0,487,343,144,399,126,273
2025-09-15,002642.SZ,荣联科技,002642,10.53,11.17,34,3.744,4.272202907544037,32.247352,-6642.521,-6.192,0.703,213342133.0,49937266.0,0,487,343,144,399,126,273
2025-09-16,600021.SH,上海电力,600021,21.54,21.07,9,-0.646,1.7534622817183387,11.444011,-7888.697,-1.989,0.863,322348468.0,183835416.0,0,649,194,455,523,80,443
2025-09-16,603083.SH,剑桥科技,603083,113.0,119.9,39,3.67,1.780455114064066,24.124618,856.212,5.828,8.064,64658764.0,36315863.0,0,649,194,455,523,80,443
2025-09-16,300476.SZ,胜宏科技,300476,340.01,346.99,50,3.171,0.6934702296436682,5.823107,-62.021,-2.211,6.115,49799360.0,71811821.0,0,649,194,455,523,80,443
2025-09-17,002642.SZ,荣联科技,002642,11.09,10.55,28,-0.627,1.3246660136115496,31.354887,-5992.647,-3.544,6.078,207437766.0,156596277.0,0,564,218,346,469,69,400
2025-09-17,300750.SZ,宁德时代,300750,356.8,377.1,76,0.956,0.5253887462042405,0.887181,-79.084,-0.755,2.512,37744465.0,71841023.0,0,564,218,346,469,69,400
2025-09-24,000981.SZ,山子高科,000981,4.11,3.82,1,-3.066,1.7920529393385003,31.039192,-21687.738,-5.145,10.078,2952868940.0,1647757650.0,0,529,174,355,402,60,342
2025-09-24,600400.SH,红豆股份,600400,3.2,3.83,24,-8.046,4.684642749239891,22.605491,-12880.882,-11.675,0.826,517975880.0,110568918.0,0,529,174,355,402,60,342
2025-10-15,601212.SH,白银有色,601212,5.53,5.4,8,0.0,1.2563718275437332,10.509291,-15833.29,-8.595,10.474,778189369.0,619394157.0,0,553,97,456,286,28,258
2025-10-15,000021.SZ,深科技,000021,29.5,29.5,18,2.253,0.8797500351428345,17.346234,-7849.365,-8.413,4.459,271820585.0,308974793.0,0,553,97,456,286,28,258
2025-10-15,000063.SZ,中兴通讯,000063,51.03,50.4,24,1.653,0.9959296172056384,9.106485,-11389.133,-7.226,5.153,366750968.0,368249886.0,0,553,97,456,286,28,258
2025-10-20,000969.SZ,安泰科技,000969,19.2,19.42,6,-1.841,0.9599238862864992,24.365553,-7642.207,-2.004,0.694,251743301.0,262253398.0,0,324,322,2,172,136,36
2025-10-20,300502.SZ,新易盛,300502,335.01,329.24,98,5.912,0.983262139310616,3.462145,-678.452,-1.919,2.187,30653561.0,31175370.0,0,324,322,2,172,136,36
2025-10-21,002185.SZ,华天科技,002185,12.4,13.09,4,-1.976,2.46591659300605,13.666162,-8933.976,-4.094,0.0,441200988.0,178919672.0,0,515,56,459,259,24,235
2025-10-21,002208.SZ,合肥城建,002208,12.75,14.31,6,-1.999,1.220882043593868,26.087543,-2851.251,-1.589,12.079,209504991.0,171601337.0,0,515,56,459,259,24,235
2025-10-22,601212.SH,白银有色,601212,5.15,5.38,21,-8.688,1.3491607523982097,7.071241,-10472.189,-4.082,-2.0,523609458.0,388100126.0,0,497,253,244,206,99,107
2025-10-23,002208.SZ,合肥城建,002208,14.96,14.32,5,-2.794,1.7598891331815056,24.990053,5978.036,2.463,12.235,200691217.0,114036284.0,0,763,314,449,261,103,158
2025-10-24,600172.SH,黄河旋风,600172,7.53,6.96,1,-2.587,2.0539423904727623,42.066238,-11353.224,-4.686,3.763,536872788.0,261386488.0,0,530,153,377,216,73,143
2025-10-24,601608.SH,中信重工,601608,7.13,6.88,11,-0.28,23.644749896698738,11.825407,-14430.873,-11.18,0.0,538123202.0,22758676.0,0,530,153,377,216,73,143
2025-10-24,300475.SZ,香农芯创,300475,116.0,127.57,84,9.115,1.090667886394797,11.951836,835.804,0.711,7.177,53098155.0,48684073.0,0,530,153,377,216,73,143
2025-10-27,000555.SZ,神州信息,000555,14.68,15.19,20,-0.945,5.419076082764538,19.351426,-4513.853,-5.485,9.028,188077202.0,34706507.0,0,709,116,593,308,48,260
2025-10-27,300520.SZ,科大国创,300520,33.26,36.9,27,-2.578,1.5548287425691243,40.048008,-3114.448,-5.534,11.952,111336841.0,71607141.0,0,709,116,593,308,48,260
2025-10-28,002050.SZ,三花智控,002050,49.0,52.61,4,0.782,0.9112289285898711,6.427492,0.0,-0.816,1.102,236809609.0,259879380.0,0,675,239,436,254,98,156
2025-10-29,601138.SH,工业富联,601138,78.12,80.8,6,5.582,0.8634402822195756,1.021262,1679.27,3.948,5.053,202804199.0,234879242.0,0,583,254,329,309,129,180
2025-10-29,000981.SZ,山子高科,000981,4.14,4.3,31,5.882,0.724382243866596,7.609661,-6032.785,-0.509,0.501,723934212.0,999381498.0,0,583,254,329,309,129,180
2025-10-29,000063.SZ,中兴通讯,000063,45.45,46.2,49,-7.977,0.946250342020155,4.868083,-2856.693,-2.004,1.624,196055252.0,207191737.0,0,583,254,329,309,129,180
2025-10-31,002709.SZ,天赐材料,002709,41.77,39.87,10,2.027,1.248600615146684,12.250433,1715.265,4.492,5.835,169658367.0,135878811.0,0,614,194,420,240,65,175
2025-10-31,300274.SZ,阳光电源,300274,195.59,189.8,12,0.467,0.8753163433156773,7.999911,-2502.471,-0.113,12.648,127175347.0,145290726.0,0,614,194,420,240,65,175
2025-10-31,000620.SZ,盈新发展,000620,2.76,2.48,20,0.0,0.8312347817760072,19.219954,-27535.844,-10.968,-6.462,897907974.0,1080209820.0,0,614,194,420,240,65,175
2025-11-03,002709.SZ,天赐材料,002709,40.68,40.31,7,2.032,1.2847858131276249,15.739183,-7265.822,-4.549,4.492,217974663.0,169658367.0,0,974,268,706,381,87,294
2025-11-03,002460.SZ,赣锋锂业,002460,70.49,68.32,14,2.13,0.913981162360318,11.03778,-4427.228,-4.139,4.626,133708230.0,146292107.0,0,974,268,706,381,87,294
2025-11-03,301308.SZ,江波龙,301308,256.02,278.99,44,-2.024,0.7523538613748318,8.95549,-237.469,-5.25,-3.742,24573679.0,32662395.0,0,974,268,706,381,87,294
2025-11-04,603686.SH,福龙马,603686,30.0,33.47,1,-1.413,2.271063090828634,45.000253,-5544.555,-7.676,3.513,186944734.0,82315958.0,0,735,643,92,293,224,69
2025-11-05,000555.SZ,神州信息,000555,21.9,21.26,2,0.0,1.1569560439013402,25.969626,4320.356,9.555,13.315,252399728.0,218158442.0,0,1017,416,601,427,141,286
2025-11-06,603686.SH,福龙马,603686,34.0,30.87,2,-0.875,1.5068143104787513,45.514693,-151.046,0.853,11.567,189081875.0,125484523.0,0,812,168,644,403,85,318
2025-11-06,600745.SH,闻泰科技,600745,41.4,41.02,47,-3.9,0.5600651363030491,5.45805,-1934.2,-0.462,2.142,67932861.0,121294572.0,0,812,168,644,403,85,318
2025-11-07,600089.SH,特变电工,600089,25.5,26.5,2,0.236,1.87598233586111,16.623515,-8433.25,-0.935,12.611,839951742.0,447739686.0,0,828,438,390,399,210,189
2025-11-07,002639.SZ,雪人集团,002639,13.2,13.96,5,-1.272,1.847187507035242,57.22944,-12411.526,-3.256,2.315,372345791.0,201574442.0,0,828,438,390,399,210,189
2025-11-07,300475.SZ,香农芯创,300475,157.16,170.0,19,-2.428,1.0450974842798209,7.877395,774.536,4.591,11.036,35084327.0,33570387.0,0,828,438,390,399,210,189
2025-11-10,603516.SH,淳中科技,603516,230.0,214.18,63,-3.353,1.166331354647153,7.56155,113.822,4.837,10.0,15370233.0,13178273.0,0,1173,280,893,478,106,372
2025-11-11,000572.SZ,海马汽车,000572,9.7,9.95,2,-4.434,1.431482364637812,40.276641,-10912.719,-1.932,0.0,661444382.0,462069529.0,0,1205,397,808,471,164,307
2025-11-12,300475.SZ,香农芯创,300475,176.04,195.06,13,-0.306,1.1639861048286035,13.226791,-1753.803,-8.979,8.789,58909452.0,50610099.0,0,733,635,98,354,301,53
2025-11-12,002213.SZ,大为股份,002213,27.96,28.96,20,-1.027,2.4152618409999,51.310264,-3371.161,-8.842,9.265,106054901.0,43910312.0,0,733,635,98,354,301,53
2025-11-12,300131.SZ,英唐智控,300131,12.33,11.9,56,-4.935,12.28744616185005,29.467587,-9741.759,-17.859,0.0,307131094.0,24995519.0,0,733,635,98,354,301,53
2025-11-13,000572.SZ,海马汽车,000572,9.06,10.04,9,-0.767,0.8435322134460793,27.081592,-14824.943,-6.263,2.577,444748276.0,527245159.0,0,1148,157,991,521,77,444
2025-11-14,002759.SZ,天际股份,002759,46.51,45.44,2,-3.945,0.9857306514749694,28.255461,977.985,9.3,14.485,141543499.0,143592470.0,0,911,621,290,434,274,160
2025-11-17,002050.SZ,三花智控,002050,41.66,41.85,21,-1.93,0.8431096680718663,3.887356,-2973.923,-1.53,2.286,143217891.0,169868638.0,0,866,519,347,420,190,230
2025-11-17,300502.SZ,新易盛,300502,314.33,311.7,98,1.207,1.1726578367478944,3.690655,-1089.226,-2.336,-0.897,32676772.0,27865564.0,0,866,519,347,420,190,230
2025-11-25,601138.SH,工业富联,601138,56.36,56.61,4,0.751,1.7447591429226808,1.6719,-6947.597,-8.295,-3.775,332009071.0,190289343.0,0,269,206,63,124,99,25
2025-11-25,002474.SZ,榕基软件,002474,11.51,13.71,5,-7.624,1.778080536227589,69.974064,-1575.63,-4.154,13.285,371398503.0,208876086.0,0,269,206,63,124,99,25
2025-11-25,000566.SZ,海南海药,000566,7.73,8.4,28,1.178,0.8797448737972594,30.15246,-11421.535,-5.093,-0.238,351545946.0,399599880.0,0,269,206,63,124,99,25
2025-11-28,002264.SZ,新华都,002264,10.6,9.53,8,0.094,41.34280077515992,43.333418,-8215.337,-10.784,0.0,283739776.0,6863100.0,0,288,115,173,158,63,95
2025-11-28,600693.SH,东百集团,600693,9.31,9.98,10,-4.806,1.5339665676368432,24.701833,-7154.909,-5.962,9.886,214647273.0,139929564.0,0,288,115,173,158,63,95
2025-11-28,002413.SZ,雷科防务,002413,7.0,7.66,12,0.575,1.433738972129066,44.159769,-18301.952,-8.3,0.0,571020888.0,398273953.0,0,288,115,173,158,63,95
2025-12-01,000070.SZ,特发信息,000070,13.49,14.19,6,-3.712,0.7548683751674645,30.757008,-5957.215,-4.369,6.333,273331032.0,362090983.0,0,386,120,266,177,49,128
2025-12-01,000063.SZ,中兴通讯,000063,42.45,46.3,66,0.855,0.5357539486368881,3.478626,-824.099,-0.544,-0.189,140096802.0,261494670.0,0,386,120,266,177,49,128
2025-12-05,000078.SZ,海王生物,000078,4.82,5.29,4,0.208,4.164878777614001,28.946639,6482.892,-3.219,7.619,760266443.0,182542274.0,0,367,159,208,216,59,157
2025-12-05,002565.SZ,顺灏股份,002565,11.0,11.9,9,1.664,1.528042075699164,36.018827,-978.922,2.076,9.877,381779372.0,249848730.0,0,367,159,208,216,59,157
2025-12-05,000678.SZ,襄阳轴承,000678,14.4,14.59,21,-4.0,1.0215166966273164,26.983984,-4134.053,-7.862,5.989,124021576.0,121409250.0,0,367,159,208,216,59,157
2025-12-08,300502.SZ,新易盛,300502,375.12,404.52,77,-0.633,1.0519547885062808,4.001296,-453.306,-1.085,1.939,35427159.0,33677454.0,0,505,231,274,244,106,138
2025-12-19,001208.SZ,华菱线缆,001208,21.41,21.17,15,0.753,0.9755637038775764,57.329745,-785.37,2.164,5.051,151005259.0,154787697.0,0,566,85,481,208,28,180
2025-12-19,002491.SZ,通鼎互联,002491,6.35,7.16,39,-2.458,3.161516755526237,24.393215,-1319.442,0.154,10.284,286978590.0,90772440.0,0,566,85,481,208,28,180
2025-12-19,300308.SZ,中际旭创,300308,583.34,571.7,71,2.125,0.7467590019448028,2.185696,-44.093,-1.004,5.921,24162887.0,32357008.0,0,566,85,481,208,28,180
2025-12-22,000592.SZ,平潭发展,000592,13.51,12.9,1,-0.662,0.8821025441813877,22.619617,-13230.66,-6.142,7.143,433186594.0,491084168.0,0,607,109,498,202,40,162
2025-12-22,300308.SZ,中际旭创,300308,590.01,617.5,88,3.203,0.9288175705163046,2.030113,-621.028,-1.995,-1.004,22442914.0,24162887.0,0,607,109,498,202,40,162
2025-12-24,600118.SH,中国卫星,600118,58.34,66.12,11,-2.945,1.410219391356919,16.937963,-5416.941,-5.294,4.893,200289575.0,142027245.0,0,699,96,603,224,35,189
2025-12-24,000572.SZ,海马汽车,000572,9.0,8.98,18,-1.747,1.604426895069214,27.571352,-14805.559,-7.099,10.901,452791382.0,282213782.0,0,699,96,603,224,35,189
2025-12-24,002792.SZ,通宇通讯,002792,30.88,34.71,21,-5.421,0.9939686543792284,44.082,-2781.08,-7.69,5.522,146963465.0,147855231.0,0,699,96,603,224,35,189
2025-12-25,002407.SZ,多氟多,002407,33.55,34.12,24,-1.786,1.3429961075029488,21.78222,1893.765,3.484,9.98,235367966.0,175255881.0,0,900,68,832,302,27,275
2025-12-29,300377.SZ,赢时胜,300377,23.49,23.74,56,-0.886,1.3362608380767094,24.623025,-3595.569,0.851,1.845,170125927.0,127314909.0,0,646,366,280,253,191,62
2025-12-30,600693.SH,东百集团,600693,18.29,17.82,4,-7.626,1.1183072262869629,24.347183,-6479.682,-11.409,3.403,211565529.0,189183727.0,0,602,540,62,215,296,-81
2025-12-30,002759.SZ,天际股份,002759,47.0,46.03,7,-5.433,1.451717707433243,36.186841,3186.048,-0.66,0.0,181275122.0,124869402.0,0,602,540,62,215,296,-81
2025-12-30,600362.SH,江西铜业,600362,46.85,50.25,47,-4.368,1.3551993735490324,6.557958,-4155.538,-2.817,8.464,136093867.0,100423502.0,0,602,540,62,215,296,-81
2025-12-31,603123.SH,翠微股份,603123,15.61,16.81,8,-4.701,1.319168152388551,31.67467,-5772.822,-3.59,11.088,206606256.0,156618590.0,0,581,480,101,260,266,-6
2025-12-31,600151.SH,航天机电,600151,17.41,17.55,23,0.636,1.1179954153473608,24.920495,-10357.966,-6.839,11.524,357422781.0,319699684.0,0,581,480,101,260,266,-6
2025-12-31,002149.SZ,西部材料,002149,43.71,45.51,38,1.651,1.189855652702546,23.530597,-2983.774,-1.444,-1.04,114862086.0,96534471.0,0,581,480,101,260,266,-6
2026-01-05,002009.SZ,天奇股份,002009,23.18,22.21,16,2.476,1.5144409222480557,44.97034,-805.197,-8.31,7.625,159250125.0,105154399.0,0,1089,88,1001,333,33,300
2026-01-05,600343.SH,航天动力,600343,46.7,45.69,18,-4.636,0.965502967490155,22.855786,714.357,2.234,7.711,145867078.0,151078850.0,0,1089,88,1001,333,33,300
2026-01-06,002565.SZ,顺灏股份,002565,17.76,18.44,11,0.282,1.8247963889653216,36.38873,-2090.877,-8.617,5.043,385700138.0,211366123.0,0,1441,53,1388,460,10,450
2026-01-06,002347.SZ,泰尔股份,002347,12.41,13.42,12,-5.556,5.9658029534434,49.027162,4010.42,-0.379,3.512,241891636.0,40546367.0,0,1441,53,1388,460,10,450
2026-01-07,002759.SZ,天际股份,002759,50.11,48.15,4,-2.224,1.0360343383915724,37.13936,-3608.932,-5.005,6.729,186046691.0,179575796.0,0,1136,137,999,447,49,398
2026-01-07,603667.SH,五洲新春,603667,74.97,75.6,24,-3.252,0.8165478746435201,23.016004,407.175,4.069,7.536,84285245.0,103221437.0,0,1136,137,999,447,49,398
2026-01-07,002837.SZ,英维克,002837,100.67,104.5,85,-1.785,1.124912563629317,7.565826,-1402.225,-4.116,-1.119,64324280.0,57181582.0,0,1136,137,999,447,49,398
2026-01-08,002766.SZ,索菱股份,002766,7.14,7.2,29,0.848,1.5354476690376886,30.48682,-7847.438,-12.159,5.62,260737458.0,169812012.0,0,1541,86,1455,494,27,467
2026-01-08,603667.SH,五洲新春,603667,75.61,75.94,36,0.013,0.959550512073614,22.085018,-2266.435,0.84,4.069,80875950.0,84285245.0,0,1541,86,1455,494,27,467
2026-01-08,002163.SZ,海南发展,002163,20.8,20.16,52,0.048,0.7687765533712804,18.456938,-4672.797,-0.048,7.346,148310523.0,192917594.0,0,1541,86,1455,494,27,467
2026-01-09,600266.SH,城建发展,600266,7.13,6.82,29,5.63,2.143266707730415,24.69849,-5045.396,-3.709,0.0,512677303.0,239203689.0,0,2070,62,2008,710,22,688
2026-01-12,600151.SH,航天机电,600151,21.2,22.79,27,2.317,1.0483770616565489,20.458267,-6214.303,-3.628,9.057,293423174.0,279883245.0,0,2610,78,2532,1063,24,1039
2026-01-12,002324.SZ,普利特,002324,22.8,23.9,29,0.0,15.44236445163787,36.085723,-8174.134,-8.8,0.0,280124800.0,18140020.0,0,2610,78,2532,1063,24,1039
2026-01-12,300065.SZ,海兰信,300065,24.25,26.39,77,5.297,1.5369780182451152,39.494878,-7240.184,-6.42,19.745,259439916.0,168798716.0,0,2610,78,2532,1063,24,1039
2026-01-13,002757.SZ,南兴股份,002757,27.31,25.01,26,1.148,0.8278171971168441,36.000117,2516.797,4.287,8.696,101539742.0,122659619.0,0,1054,137,917,406,37,369
2026-01-14,300058.SZ,蓝色光标,300058,20.12,21.63,3,-3.501,1.1419350650153346,39.924042,-7377.965,-7.333,14.683,1389368550.0,1216679120.0,0,1090,187,903,586,69,517
2026-01-14,002519.SZ,银河电子,002519,10.39,11.46,17,-0.288,11.268002485744695,43.793031,-14911.524,-17.433,0.0,489950067.0,43481537.0,0,1090,187,903,586,69,517
2026-01-14,000559.SZ,万向钱潮,000559,18.96,18.79,24,0.053,0.968716636842252,10.494247,-7049.486,-5.768,3.023,347836457.0,359069354.0,0,1090,187,903,586,69,517
2026-01-16,300058.SZ,蓝色光标,300058,17.5,16.29,3,-4.943,0.9205192621643244,29.980972,-17076.734,-9.755,7.505,1043346780.0,1133432860.0,0,935,282,653,431,145,286
2026-01-16,002400.SZ,省广集团,002400,12.43,11.52,11,-2.891,1.6451931490167233,40.321177,-11521.252,-7.581,10.48,696009894.0,423056645.0,0,935,282,653,431,145,286
2026-01-16,600589.SH,大位科技,600589,10.0,9.62,43,-2.439,1.1392790918516322,29.896742,-9016.213,-7.407,13.57,442014336.0,387977221.0,0,935,282,653,431,145,286
2026-01-19,600550.SH,保变电气,600550,13.86,15.69,8,-2.805,1.7641661160442728,20.0662,-5355.432,-6.492,12.866,369524798.0,209461453.0,0,1354,137,1217,572,79,493
2026-01-19,002130.SZ,沃尔核材,002130,31.4,29.69,28,0.932,1.7483822944117262,25.09138,276.661,-1.018,10.706,287173799.0,164251148.0,0,1354,137,1217,572,79,493
2026-01-19,603993.SH,洛阳钼业,603993,24.27,23.31,50,0.083,1.08123944645068,1.892349,-8670.6,0.331,3.219,330420149.0,305593872.0,0,1354,137,1217,572,79,493
2026-01-20,000547.SZ,航天发展,000547,29.0,26.91,5,0.346,0.8341257744409095,13.960299,-6718.214,-2.365,-0.328,221846052.0,265962351.0,0,1081,192,889,445,44,401
2026-01-20,002119.SZ,康强电子,002119,23.07,23.91,17,-1.746,2.1277216447660754,40.955459,1581.268,1.954,4.048,153699288.0,72236558.0,0,1081,192,889,445,44,401
2026-01-20,002716.SZ,湖南白银,002716,11.5,12.4,54,2.041,1.014558793495776,20.716741,5797.447,-1.915,5.989,481634037.0,474722648.0,0,1081,192,889,445,44,401
2026-01-21,002465.SZ,海格通信,002465,17.52,17.7,1,-3.204,19.85860291893326,30.201999,-8401.407,-2.688,0.0,748371451.0,37685000.0,0,1246,199,1047,612,91,521
2026-01-21,600550.SH,保变电气,600550,15.5,15.41,9,-4.615,1.1019735257084822,21.687181,-271.684,4.569,13.204,399375633.0,362418537.0,0,1246,199,1047,612,91,521
2026-01-21,600118.SH,中国卫星,600118,98.05,95.78,21,0.01,1.2029915616155855,9.743904,-1969.083,-7.501,2.833,115220613.0,95778405.0,0,1246,199,1047,612,91,521
2026-01-22,300136.SZ,信维通信,300136,73.05,81.0,20,-0.355,1.139743596480824,24.225017,-6245.01,-8.363,0.741,199751726.0,175260231.0,0,1348,128,1220,611,72,539
2026-01-22,002498.SZ,汉缆股份,002498,5.4,6.05,32,-5.097,26.91784898232942,14.686348,5428.721,-0.871,0.0,488584854.0,18150962.0,0,1348,128,1220,611,72,539
2026-01-22,002201.SZ,九鼎新材,002201,12.63,13.86,43,0.238,1.059045088136482,34.078342,-6551.315,-10.638,1.826,205159605.0,193721313.0,0,1348,128,1220,611,72,539
2026-01-23,002077.SZ,大港股份,002077,18.54,18.84,41,0.597,2.9295684710441114,23.88968,-3804.633,-5.293,10.555,138643404.0,47325538.0,0,1548,80,1468,801,52,749
2026-01-23,601899.SH,紫金矿业,601899,38.39,37.56,60,1.938,0.703938758100032,1.329796,4109.249,0.427,0.98,273949936.0,389167286.0,0,1548,80,1468,801,52,749
2026-01-26,601212.SH,白银有色,601212,10.97,11.41,12,5.786,0.4925174440637661,4.102564,10126.188,0.0,14.303,303785648.0,616801804.0,4,941,297,644,502,106,396
2026-01-27,002342.SZ,巨力索具,002342,12.54,13.21,13,-8.534,5.144144075077198,36.75862,-4234.135,-5.579,0.296,350930875.0,68219488.0,0,562,435,127,427,182,245
2026-01-27,002156.SZ,通富微电,002156,51.89,53.25,15,0.174,0.8864525400045451,13.851913,-6739.624,-7.566,3.111,210196175.0,237120619.0,0,562,435,127,427,182,245
2026-01-27,300118.SZ,东方日升,300118,21.68,22.93,18,-3.73,2.841793267791862,40.486945,-9968.877,-6.167,14.443,375243569.0,132044640.0,0,562,435,127,427,182,245
2026-01-28,000630.SZ,铜陵有色,000630,7.73,8.35,13,1.845,1.1542711374568249,11.562198,-4547.213,0.931,3.425,1288377140.0,1116182410.0,0,688,674,14,485,209,276
2026-02-03,300058.SZ,蓝色光标,300058,22.25,22.06,4,4.118,0.8604853182941543,22.321343,-23964.779,-5.443,2.325,776789380.0,902734031.0,0,372,184,188,274,109,165
2026-02-03,002165.SZ,红宝丽,002165,12.4,13.7,5,-0.402,1.2054999692556156,43.740792,-6871.758,-2.506,13.713,318270911.0,264015694.0,0,372,184,188,274,109,165
2026-02-03,002995.SZ,天地在线,002995,36.1,36.99,15,2.703,0.8682665997827356,44.195664,-150.556,0.4,4.576,49683532.0,57221517.0,0,372,184,188,274,109,165
2026-02-09,000547.SZ,航天发展,000547,30.84,30.34,3,1.615,0.8053593716357252,20.306316,-10011.367,-3.651,3.159,322691960.0,400680704.0,0,662,52,610,400,18,382
2026-02-09,000592.SZ,平潭发展,000592,11.59,11.47,9,-0.258,2.2822182259539563,27.998065,-13540.122,-3.167,9.537,536188830.0,234941963.0,0,662,52,610,400,18,382
2026-02-09,601138.SH,工业富联,601138,56.2,55.52,39,3.309,0.9541959731925151,0.69378,1361.267,2.642,3.08,137772202.0,144385646.0,0,662,52,610,400,18,382
2026-02-10,002361.SZ,神剑股份,002361,14.91,14.78,10,-0.201,0.965589694186708,36.640268,-7737.196,-3.737,8.085,296464830.0,307029820.0,0,532,129,403,356,33,323
2026-02-11,002506.SZ,协鑫集成,002506,5.27,5.26,1,0.19,4.608982286303443,35.235506,1674.24,-2.773,0.398,2059314980.0,446804707.0,0,442,205,237,302,44,258
2026-02-11,300058.SZ,蓝色光标,300058,19.3,18.92,6,-1.631,1.0412509007579092,19.868762,-21340.706,-2.047,1.117,691438858.0,664046348.0,0,442,205,237,302,44,258
2026-02-11,600884.SH,杉杉股份,600884,15.12,15.18,32,0.0,19.50760549120246,21.309507,-11551.426,-5.5,0.0,391052854.0,20046174.0,0,442,205,237,302,44,258
2026-02-12,603881.SH,数据港,603881,43.99,43.53,24,4.738,0.822823300137085,17.829547,-1363.227,2.364,6.861,128083368.0,155663273.0,0,403,399,4,332,121,211
2026-02-12,603466.SH,风语筑,603466,11.01,10.62,28,-2.394,3.9362139770248863,32.507947,-4028.182,-4.73,0.551,193352727.0,49121498.0,0,403,399,4,332,121,211
2026-02-24,603993.SH,洛阳钼业,603993,22.95,22.86,49,4.413,1.277427554497617,1.604655,-8366.677,-2.311,-0.172,280186393.0,219336425.0,0,610,264,346,459,68,391
2026-02-24,600111.SH,北方稀土,600111,56.0,54.94,95,2.302,0.8145029337148404,3.361953,-3850.34,-3.965,1.936,121536816.0,149215934.0,0,610,264,346,459,68,391
2026-02-25,600410.SH,华胜天成,600410,24.01,24.79,3,0.755,1.603156152210447,33.440101,-10951.179,-8.346,11.813,366668931.0,228716916.0,0,709,94,615,550,27,523
2026-02-25,300017.SZ,网宿科技,300017,21.88,20.35,25,2.723,0.9535426278812684,20.575026,0.0,-5.417,0.044,474489249.0,497606751.0,0,709,94,615,550,27,523
2026-02-26,002969.SZ,嘉美包装,002969,25.5,23.76,24,-3.409,1.0790870281897986,9.200782,-3124.384,-8.333,-5.742,100499128.0,93133478.0,0,874,327,547,688,127,561
2026-02-26,002455.SZ,百川股份,002455,14.05,14.1,33,-1.886,1.2137748536946773,34.268465,-4540.335,-6.527,-3.135,177932049.0,146593949.0,0,874,327,547,688,127,561
2026-02-27,002716.SZ,湖南白银,002716,15.4,15.79,58,0.0,0.719830344719942,13.225712,-6243.817,-3.75,3.119,307478532.0,427154168.0,0,914,182,732,686,70,616
2026-03-06,600410.SH,华胜天成,600410,28.3,29.73,3,-0.176,0.8429407872220989,29.720838,-6495.913,-4.738,7.63,325887415.0,386607719.0,0,541,95,446,383,26,357
2026-03-06,300164.SZ,通源石油,300164,21.82,20.3,6,-2.633,0.8146198098769376,43.959875,-4254.949,1.864,11.636,256378731.0,314721945.0,0,541,95,446,383,26,357
2026-03-06,601975.SH,招商南油,601975,4.63,4.63,37,-6.275,0.7862091709154656,19.587777,-12450.038,-5.364,-3.333,916775494.0,1166070720.0,0,541,95,446,383,26,357
2026-03-11,000815.SZ,美利云,000815,18.17,17.73,7,1.508,1.221648952066562,39.609165,-6593.795,-5.839,8.53,275387889.0,225423096.0,0,602,183,419,431,59,372
2026-03-12,002969.SZ,嘉美包装,002969,26.0,24.06,23,3.052,3.230473840841521,14.300231,-2202.819,-6.556,5.755,156199855.0,48351995.0,0,548,545,3,398,181,217
2026-03-12,000657.SZ,中钨高新,000657,62.51,62.3,85,-0.541,1.5970540986525654,6.526736,-2742.592,-7.15,0.575,94828615.0,59377209.0,0,548,545,3,398,181,217
2026-03-25,002310.SZ,东方新能,002310,3.68,3.8,4,-2.902,1.1387942979429255,23.107228,9951.631,-1.302,6.094,970284012.0,852027459.0,0,218,61,157,168,28,140
2026-03-25,600759.SH,洲际油气,600759,6.01,6.09,14,-6.677,0.9968971549916,11.818589,7420.079,0.0,1.791,489725210.0,491249481.0,0,218,61,157,168,28,140
2026-03-25,002594.SZ,比亚迪,002594,106.72,106.6,29,0.075,0.5169561508783515,2.642335,-44.258,-1.624,3.62,92144617.0,178244551.0,0,218,61,157,168,28,140
2026-03-27,600396.SH,华电辽能,600396,9.23,8.99,1,3.941,3.454661973495862,23.432861,2838.463,-0.893,4.12,345097350.0,99893232.0,0,224,102,122,143,49,94
2026-03-27,601016.SH,节能风电,601016,5.11,4.93,2,-3.767,2.020307144359368,24.527839,-8227.922,-1.667,8.434,1481025930.0,733069689.0,0,224,102,122,143,49,94
2026-03-27,600666.SH,奥瑞德,600666,5.32,6.08,5,-3.798,15.785078048548144,42.895601,-9436.069,-4.819,0.0,1037967570.0,65756252.0,0,224,102,122,143,49,94
2026-04-01,002309.SZ,中利集团,002309,4.74,4.53,3,-4.049,1.151287956342105,41.87191,13551.083,2.917,11.737,1007493570.0,875101285.0,0,311,129,182,117,49,68
2026-04-01,002149.SZ,西部材料,002149,51.55,50.06,9,0.019,1.0028065091575982,22.043822,-2916.113,-1.829,9.928,107604557.0,107303409.0,0,311,129,182,117,49,68
2026-04-01,002192.SZ,融捷股份,002192,75.0,70.63,91,-1.678,0.8250774444396909,20.073392,-1406.297,-7.247,-1.644,52013708.0,63041001.0,0,311,129,182,117,49,68
